494.4,kJ/mol,,,
Final Angle,O-atom IS Translational Energy ,O2 IS Translational Energy,O-atom Total Flux,O2 Total Flux
85,308.77071,602.91778,7.61727,1.93012
80,299.27133,558.29827,56.682,17.20223
75,287.7242,524.56811,90.09356,25.61623
70,271.50796,482.60691,105.09664,29.16943
65,251.46287,437.96167,114.30273,30.46225
60,236.11927,410.37253,116.51402,30.83058
55,216.6883,387.1712,120.429,29.45073
50,204.72965,344.95605,115.68801,28.92547
45,187.45668,306.86155,114.85035,27.3319
40,175.27106,275.48304,109.55407,25.06387
35,159.8164,250.35695,107.41432,25.59019
30,146.49001,221.80299,103.85766,23.06192
25,135.36527,207.13029,101.58683,23.99125
20,127.56184,179.06055,98.64448,22.6715
15,109.85584,153.62859,94.59217,21.20039
10,105.09586,142.9298,92.49001,21.67231
5,95.33548,134.51215,91.8613,21.07324