505,E_i (kJ/mol),,,,,,,,,,
theta_f,E_f/E_i,,Count,,,,,,,,
-0.1,0.242672791,,0.19801643134580305,,,,,,,,
 5.097700578259919,0.260990454,,0.24559356168505575,,,,,,,,
 10.074053968599983,0.281609,,0.2518962571009533,,,,,,,,
 14.744654305582113,0.30452843,,0.27029952123287293,,,,,,,,
 19.672738429279068,0.327443796,,0.302447483,,,,,,,,
 24.841039525209553,0.357255717,,0.32497808637372816,,,,,,,,
 29.616418947166053,0.38936649,,0.37002607612210126,,,,,,,,
 34.63129713132116,0.416883623,,0.4559068889157335,,,,,,,,
 39.67338014331648,0.4535921,,0.5136147640148306,,,,,,,,
 44.56357735321258,0.501796359,,0.5926066705571045,,,,,,,,
 49.76453552982631,0.532182485,,0.6566958508752623,,,,,,,,
 54.85614012356911,0.578663113,,0.7765719027162118,,,,,,,,
 59.787755881183834,0.599855865,,0.9222717527883619,,,,,,,,
 64.72758455146473,0.639438922,,0.994409892,,,,,,,,
 69.72989511838219,0.680171405,,1.0029685436318152,,,,,,,,
 74.75017828687092,0.691594036,,0.9804553470880745,,,,,,,,
 79.75372911283236,0.716808762,,0.7383837729740308,,,,,,,,
,,,,,,,,,,,
,,,,,,,,,,,
,,,,,,,,,,,