498,E_i (kJ/mol),,
theta_f,E_f/E_i,,Count
29.84084297, 0.4405348346235052,,0.4
34.86949228, 0.4855735397607328,,0.450205761
39.89746009, 0.5369458128078826,,0.511111111
44.86225787, 0.5918367346938787,,0.563786008
49.82448691, 0.6481351161154125,,0.656790123
54.91420933, 0.7178043631245611,,0.748148148
59.81263925, 0.7726952850105568,,0.842798354
64.90403921, 0.8501055594651662,,0.90781893
69.93080129,0.885292048,,0.987654321
74.96500747, 0.9331456720619291,,0.950617284
79.92582108, 0.9549612948627735,,0.065843621