506,E_i (kJ/mol),,
theta_f,E_f/E_i,,Count
-20.01588425,0.206192822,,0.150617284
-15.11200231,0.21182266,,0.159670782
-10.08041729,0.217452498,,0.163786008
-5.049461351,0.256861365,,0.177777778
-0.081885141,0.270935961,,0.186831276
4.885166837,0.292047854,,0.204115226
9.915546119,0.321604504,,0.227160494
14.94519148,0.358198452,,0.261728395
19.9109853,0.370865588,,0.298765432
24.87557338,0.402533427,,0.35473251
29.96828392,0.466572836,,0.399176955
34.87017378,0.525686137,,0.439506173
39.89719798,0.570021112,,0.515226337
44.92427459,0.629134412,,0.590123457
49.9501979,0.686136524,,0.683127572
54.84794632,0.738916256,,0.788477366
59.81174805,0.800844476,,0.856790123
69.92996252,0.852216749,,1.000823045
75.02969778,0.896551724,,0.934979424
79.95119394,0.921885996,,0.667489712
84.95310739,0.885292048,,0.13744856