81.97044925,367.17516,20.92518146
82.40558392,373.8579545,61.36374003
79.89458643,363.6762104,96.67452963
77.51857975,353.8458166,123.9173356
75.04098088,355.2584903,133.9889083
72.61582649,342.9687751,150.582421
70.01253047,340.8679506,151.147048
64.99717009,322.261084,150.7416307
60.07882563,304.7080123,137.5280578
54.95323102,285.0472244,120.4500763
50.09360903,263.9809094,103.5795863
45.23851591,243.2656884,91.59893032
40.01599023,235.551051,77.90237754
35.01814623,211.3223319,69.97032588
29.99750913,195.8773592,63.59116681
25.14279276,175.5142542,57.93822607
20.30347883,163.5827806,52.14680578
15.69371258,141.8135104,50.12073559
9.882923507,137.6121163,48.85384437
5.553908753,123.2213208,42.16452321
0.656445647,122.8847752,40.93308945
-4.438450574,91.62918671,42.13019051
-8.772339282,93.40048479,39.997414
-14.33962942,90.60449033,41.79040484